H2,CH4,C2H2,C2H4,C2H6,Fault,CH4/H2,C2H2/C2H4,C2H4/C2H6
80.0,10.0,0.0,4.0,1.5,NF,0.125,0.0,2.6666666666666665
46.13,11.57,0.63,33.14,8.52,NF,0.2508129200086711,0.019010259505129752,3.8896713615023475
33.66,2.97,2.48,33.17,27.72,NF,0.08823529411764708,0.07476635514018691,1.1966089466089467
143.8,21.53,0.2,8.21,2.71,NF,0.14972183588317106,0.024360535931790498,3.0295202952029525
170.0,300.0,8.9,580.0,44.0,T3,1.7647058823529411,0.015344827586206897,13.181818181818182
180.0,340.0,10.0,52.0,6303.0,T1,1.8888888888888888,0.19230769230769232,0.00825003966365223
17.0,21.0,4.1,11.0,145.0,T1,1.2352941176470589,0.3727272727272727,0.07586206896551724
90.0,160.0,29.0,54.0,330.0,T1,1.7777777777777777,0.5370370370370371,0.16363636363636364
45.8,63.2,0.66,20.1,129.0,T1,1.3799126637554586,0.03283582089552239,0.1558139534883721
22.5,8.5,8.4,1.2,7.3,T1,0.37777777777777777,7.000000000000001,0.1643835616438356
31.0,6.6,67.0,4.7,19.0,T1,0.2129032258064516,14.25531914893617,0.2473684210526316
3.3,1.1,3.3,0.9,3.1,T1,0.33333333333333337,3.6666666666666665,0.2903225806451613
45.0,15.0,18.0,1.0,19.0,T1,0.3333333333333333,18.0,0.05263157894736842
316.0,36.1,440.0,37.3,109.0,T1,0.11424050632911392,11.796246648793566,0.3422018348623853
139.0,52.2,9.6,6.8,62.8,T1,0.37553956834532376,1.411764705882353,0.10828025477707007
117.0,5.8,12.8,15.9,7.0,NF,0.04957264957264957,0.8050314465408805,2.2714285714285714
421.0,135.0,374.0,27.7,351.0,T1,0.32066508313539194,13.501805054151625,0.07891737891737892
71.6,20.2,44.2,2.7,34.6,T1,0.28212290502793297,16.37037037037037,0.07803468208092486
730.0,750.0,7.0,190.0,1300.0,T1,1.0273972602739727,0.03684210526315789,0.14615384615384616
43.0,36.0,13.0,41.0,47.0,T1,0.8372093023255814,0.3170731707317073,0.8723404255319149
100.0,94.0,118.0,22.0,304.0,T1,0.94,5.363636363636363,0.07236842105263158
44.6,5.2,12.59,7.24,0.56,D1D2,0.11659192825112108,1.738950276243094,12.928571428571427
1651.0,90.0,2.0,33.0,45.0,T1,0.054512416717141125,0.06060606060606061,0.7333333333333333
96.0,20.61,38.57,15.82,5.4,D1D2,0.2146875,2.438053097345133,2.9296296296296296
89.0,20.01,39.4,16.36,6.16,D1D2,0.22483146067415732,2.4083129584352077,2.655844155844156
134.78,34.7,94.1,40.54,4.5,D1D2,0.25745659593411485,2.3211642821904293,9.008888888888889
207.6,44.14,139.0,80.9,3.8,D1D2,0.2126204238921002,1.7181705809641532,21.289473684210527
292.58,38.39,0.0,0.84,3.87,T1,0.13121197621163444,0.0,0.21705426356589147
522.2,43.21,1.01,1.02,16.73,PDT1,0.08274607430103408,0.9901960784313726,0.06096832038254632
529.75,58.96,1.27,5.06,18.12,T1,0.1112977819726286,0.25098814229249017,0.2792494481236203
2525.3,130.55,0.0,153.0,14.25,NF,0.05169682809963173,0.0,10.736842105263158
3417.62,131.42,0.0,1.22,14.36,PDT1,0.0384536607346633,0.0,0.084958217270195
5869.58,175.21,0.0,1.45,16.45,PDT1,0.0298505174135117,0.0,0.08814589665653495
4966.14,145.66,0.0,1.28,15.33,PDT1,0.029330627006085207,0.0,0.08349641226353555
6.82,10.13,0.0,74.85,3.81,T3,1.4853372434017595,0.0,19.64566929133858
14.0,33.3,0.0,20.1,8.0,T2,2.3785714285714286,0.0,2.5125
87.0,223.6,0.0,121.1,49.6,T2,2.5701149425287357,0.0,2.441532258064516
78.0,196.3,0.0,109.3,46.1,T2,2.5166666666666666,0.0,2.370932754880694
22.04,171.05,0.0,182.04,91.29,T2,7.760889292196008,0.0,1.9940847847518894
82.74,108.92,3.91,249.8,28.06,T3,1.3164128595600677,0.015652522017614093,8.902352102637208
3.11,6.61,0.26,36.43,3.23,T3,2.1254019292604505,0.007136975020587428,11.278637770897832
3.05,5.84,0.27,37.28,3.38,T3,1.914754098360656,0.007242489270386267,11.02958579881657
3.82,7.93,0.13,52.68,3.37,T3,2.075916230366492,0.002467729688686409,15.632047477744807
4566.0,671.0,683643.0,434322.0,45482.0,D1D2,0.14695575996495838,1.5740464448036249,9.549316213007344
2323.0,782.0,545454.0,342233.0,4343.0,D1D2,0.33663366336633666,1.5938088962782666,78.80105917568501
2118.0,844.0,540711.0,449264.0,4443.0,D1D2,0.39848914069877245,1.203548470387122,101.11726311051092
2285.0,706.0,546779.0,435718.0,4303.0,D1D2,0.30897155361050327,1.2548919255114546,101.25912154310946
2238.0,826.0,537988.0,335279.0,4008.0,D1D2,0.36907953529937443,1.6045979616975712,83.65244510978044
2373.0,817.0,669150.0,447061.0,4284.0,D1D2,0.3442899283607248,1.496775607802962,104.35597572362278
2394.0,754.0,673175.0,360327.0,4049.0,D1D2,0.31495405179615704,1.868233576723365,88.99160286490492
2423.0,765.0,535231.0,305712.0,4266.0,D1D2,0.31572430870821294,1.7507686973360548,71.66244725738396
2127.0,825.0,595394.0,369165.0,4456.0,D1D2,0.38787023977433005,1.6128126989286633,82.846723518851
2400.0,774.0,647129.0,315114.0,4462.0,D1D2,0.3225,2.0536345576521513,70.62169430748543
9750.0,720.0,40.0,11.0,220.0,PDT1,0.07384615384615385,3.6363636363636362,0.05
9619.0,780.0,38.0,9.0,220.0,PDT1,0.08108951034411062,4.222222222222222,0.04090909090909091
9693.0,702.0,38.0,10.0,198.0,PDT1,0.07242339832869081,3.8,0.050505050505050504
9439.0,700.0,35.0,10.0,233.0,PDT1,0.07416039834728255,3.5,0.04291845493562232
9201.0,744.0,40.0,12.0,226.0,PDT1,0.08086077600260841,3.3333333333333335,0.05309734513274336
9704.0,719.0,39.0,11.0,208.0,PDT1,0.07409315746084089,3.5454545454545454,0.052884615384615384
9823.0,707.0,39.0,8.0,231.0,PDT1,0.0719739387152601,4.875,0.03463203463203463
9531.0,744.0,36.0,8.0,220.0,PDT1,0.07806106389675795,4.5,0.03636363636363636
9840.0,788.0,37.0,9.0,225.0,PDT1,0.08008130081300813,4.111111111111111,0.04
9032.0,785.0,36.0,12.0,219.0,PDT1,0.08691319751992914,3.0,0.0547945205479452
200.0,1000.0,800.0,200.0,875.0,T1,5.0,4.0,0.22857142857142856
0.0,100.0,3.22,90.0,0.0,PDT1,0.0,0.03577777777777778,0.0
0.0,0.0,0.0,0.0,0.0,PDT1,0.0,0.0,0.0
0.0,0.0,100.0,0.0,150.0,PDT1,0.0,0.0,0.0
600.0,400.0,280.0,400.0,250.0,NF,0.6666666666666666,0.7,1.6
600.0,450.0,300.0,800.0,400.0,NF,0.75,0.375,2.0
300.0,50.0,14.0,1000.0,389.0,NF,0.16666666666666666,0.014,2.570694087403599
487297.0,271385.0,179851.0,459845.0,333624.0,NF,0.5569190863067083,0.39111222259674455,1.378333093542431
388824.0,138072.0,483923.0,56377.0,336625.0,T1,0.35510153694216406,8.583695478652642,0.16747716301522467
308142.0,449556.0,190961.0,464427.0,256989.0,NF,1.4589247814319373,0.41117549151965754,1.8071862998027153
441916.0,269710.0,7045.0,478904.0,116994.0,NF,0.6103196082513419,0.0147106727026711,4.093406499478606
362425.0,253480.0,104585.0,388782.0,404053.0,T1,0.69939987583638,0.2690067955821,0.9622054532449951
138560.0,199740.0,245667.0,459335.0,189531.0,NF,1.441541570438799,0.5348318765171389,2.4235349362373437
362881.0,260366.0,218083.0,144747.0,239282.0,T1,0.717496920478063,1.5066495333236614,0.6049222256584281
206.0,998.0,323.0,709.0,83.0,NF,4.844660194174757,0.45557122708039494,8.542168674698795
953.0,737.0,464.0,39.0,465.0,T1,0.7733473242392445,11.897435897435898,0.08387096774193549
523.0,438.0,217.0,697.0,769.0,T1,0.8374760994263862,0.3113342898134864,0.9063719115734721
230.0,367.0,664.0,777.0,375.0,NF,1.5956521739130434,0.8545688545688546,2.072
513.0,677.0,693.0,980.0,176.0,NF,1.3196881091617934,0.7071428571428572,5.568181818181818
98.0,38.0,1.0,3.0,0.0,T1,0.3877551020408163,0.3333333333333333,0.0
11.0,12.0,22.0,78.0,31.0,NF,1.0909090909090908,0.28205128205128205,2.5161290322580645
140.0,1.0,76.0,97.0,35.0,NF,0.007142857142857143,0.7835051546391752,2.7714285714285714
38.0,48.0,25.0,72.0,90.0,T1,1.263157894736842,0.3472222222222222,0.8
0.0,44.0,62.0,73.0,22.0,NF,0.0,0.8493150684931506,3.3181818181818183
3.0,3.0,85.0,37.0,40.0,T1,1.0,2.2972972972972974,0.925
7746.0,2016.0,6945.0,1443.0,7806.0,T1,0.26026336173508907,4.8128898128898125,0.1848578016910069
1642.0,976.0,6804.0,6685.0,6790.0,T1,0.5943970767356882,1.0178010471204189,0.9845360824742269
1585.0,4829.0,2572.0,1839.0,186.0,NF,3.046687697160883,1.3985861881457313,9.887096774193548
7722.0,5145.0,1712.0,6242.0,1730.0,NF,0.6662781662781663,0.2742710669657161,3.608092485549133
7919.0,6490.0,1697.0,4115.0,3548.0,NF,0.8195479227175149,0.4123936816524909,1.1598083427282977
7487.0,4463.0,2511.0,6973.0,2605.0,NF,0.596099906504608,0.3601032554137387,2.676775431861804
2456.0,1381.0,7237.0,5040.0,4641.0,NF,0.5622964169381107,1.4359126984126984,1.085972850678733
5884.0,4880.0,2293.0,4776.0,2489.0,NF,0.8293677770224337,0.48010887772194305,1.9188429087987144
2443.0,3422.0,6394.0,3000.0,7852.0,T1,1.4007367990176014,2.1313333333333335,0.38206826286296486
4395.0,5201.0,2121.0,6788.0,6933.0,T1,1.1833902161547212,0.31246317030053034,0.9790855329583154
7613.0,1120.0,3393.0,4751.0,3363.0,NF,0.14711677393931433,0.7141654388549779,1.4127267320844483
2366.0,1031.0,7025.0,108.0,5909.0,T1,0.4357565511411665,65.04629629629629,0.018277204264680994
5054.0,4144.0,6974.0,7020.0,4174.0,NF,0.8199445983379502,0.9934472934472934,1.6818399616674653
32930.0,2397.0,0.0,0.0,157.0,PDT1,0.07279076829638627,0.0,0.0
37800.0,1740.0,8.0,8.0,249.0,PDT1,0.046031746031746035,1.0,0.0321285140562249
92600.0,10200.0,0.0,0.0,0.0,T1,0.1101511879049676,0.0,0.0
8266.0,1061.0,0.0,0.0,22.0,T1,0.12835712557464313,0.0,0.0
9340.0,995.0,7.0,6.0,60.0,T1,0.10653104925053533,1.1666666666666667,0.1
36036.0,4704.0,10.0,5.0,554.0,T1,0.13053613053613053,2.0,0.009025270758122744
33046.0,619.0,0.0,2.0,58.0,PDT1,0.018731465230285058,0.0,0.034482758620689655
40280.0,1069.0,1.0,1.0,1060.0,PDT1,0.02653922542204568,1.0,0.0009433962264150943
26788.0,18342.0,0.0,27.0,2111.0,T1,0.684709571449903,0.0,0.012790146849834202
78.0,20.0,28.0,13.0,11.0,D1,0.2564102564102564,2.1538461538461537,1.1818181818181819
305.0,100.0,541.0,161.0,33.0,D1,0.32786885245901637,3.360248447204969,4.878787878787879
35.0,6.0,482.0,26.0,3.0,D1,0.17142857142857143,18.53846153846154,8.666666666666666
543.0,120.0,1880.0,411.0,41.0,D1,0.22099447513812154,4.574209245742092,10.024390243902438
1230.0,163.0,692.0,233.0,27.0,D1,0.13252032520325202,2.9699570815450644,8.62962962962963
645.0,86.0,317.0,110.0,13.0,D1,0.13333333333333333,2.881818181818182,8.461538461538462
60.0,10.0,4.0,4.0,4.0,NF,0.16666666666666666,1.0,1.0
95.0,10.0,39.0,11.0,0.0,T1,0.10526315789473684,3.5454545454545454,0.0
6870.0,1028.0,5500.0,900.0,79.0,D1,0.14963609898107716,6.111111111111111,11.39240506329114
10092.0,5399.0,37565.0,6500.0,530.0,NF,0.534978200554895,5.779230769230769,12.264150943396226
650.0,81.0,270.0,51.0,170.0,T1,0.12461538461538461,5.294117647058823,0.3
210.0,22.0,7.0,6.0,6.0,NF,0.10476190476190476,1.1666666666666667,1.0
385.0,60.0,159.0,53.0,8.0,D1,0.15584415584415584,3.0,6.625
4230.0,690.0,1180.0,196.0,5.0,D1,0.16312056737588654,6.020408163265306,39.2
7600.0,1230.0,1560.0,836.0,318.0,D1D2,0.1618421052631579,1.8660287081339713,2.6289308176100628
595.0,80.0,244.0,89.0,9.0,D1,0.13445378151260504,2.741573033707865,9.88888888888889
120.0,25.0,40.0,8.0,1.0,D1,0.20833333333333334,5.0,8.0
8.0,0.0,101.0,43.0,0.0,PDT1,0.0,2.3488372093023258,0.0
6454.0,2313.0,6432.0,2159.0,121.0,D1,0.3583823985125504,2.9791570171375636,17.84297520661157
2177.0,1049.0,705.0,440.0,207.0,D1D2,0.4818557648139642,1.6022727272727273,2.1256038647342996
1790.0,580.0,619.0,336.0,321.0,D1,0.3240223463687151,1.8422619047619047,1.0467289719626167
1330.0,10.0,182.0,66.0,20.0,NF,0.007518796992481203,2.757575757575758,3.3
4.0,1.0,52.0,7.0,2.0,D1,0.25,7.428571428571429,3.5
1900.0,285.0,7730.0,957.0,31.0,D1,0.15,8.077324973876697,30.870967741935484
57.0,24.0,30.0,27.0,2.0,D1D2,0.42105263157894735,1.1111111111111112,13.5
1000.0,500.0,500.0,400.0,1.0,D2,0.5,1.25,400.0
440.0,89.0,757.0,304.0,19.0,D1D2,0.20227272727272727,2.4901315789473686,16.0
210.0,43.0,187.0,102.0,12.0,D1D2,0.20476190476190476,1.8333333333333333,8.5
2850.0,1115.0,3675.0,1987.0,138.0,D1D2,0.3912280701754386,1.8495218922999497,14.398550724637682
7020.0,1850.0,4410.0,2960.0,0.0,T1,0.26353276353276356,1.489864864864865,0.0
545.0,130.0,239.0,153.0,16.0,D1D2,0.23853211009174313,1.5620915032679739,9.5625
7150.0,1440.0,1760.0,1210.0,97.0,D1D2,0.2013986013986014,1.4545454545454546,12.474226804123711
620.0,325.0,244.0,181.0,38.0,D2,0.5241935483870968,1.3480662983425415,4.7631578947368425
120.0,31.0,94.0,66.0,0.0,T1,0.25833333333333336,1.4242424242424243,0.0
755.0,229.0,460.0,404.0,32.0,D1D2,0.3033112582781457,1.1386138613861385,12.625
5100.0,1430.0,1010.0,1140.0,0.0,T1,0.2803921568627451,0.8859649122807017,0.0
13500.0,6110.0,4040.0,4510.0,212.0,D2,0.4525925925925926,0.8957871396895787,21.27358490566038
1570.0,1110.0,1830.0,1780.0,175.0,D2,0.7070063694267515,1.0280898876404494,10.17142857142857
3090.0,5020.0,2540.0,3800.0,323.0,NF,1.6245954692556634,0.6684210526315789,11.764705882352942
1820.0,405.0,634.0,365.0,35.0,D1D2,0.22252747252747251,1.736986301369863,10.428571428571429
535.0,160.0,680.0,305.0,16.0,D1D2,0.29906542056074764,2.2295081967213113,19.0625
13.0,3.0,6.0,3.0,1.0,D1D2,0.23076923076923078,2.0,3.0
137.0,67.0,104.0,53.0,7.0,D1D2,0.48905109489051096,1.9622641509433962,7.571428571428571
1084.0,188.0,769.0,166.0,8.0,D1,0.17343173431734318,4.632530120481928,20.75
34.0,21.0,56.0,49.0,4.0,D2,0.6176470588235294,1.1428571428571428,12.25
7940.0,2000.0,5390.0,3120.0,355.0,D1D2,0.2518891687657431,1.7275641025641026,8.788732394366198
150.0,130.0,30.0,55.0,9.0,NF,0.8666666666666667,0.5454545454545454,6.111111111111111
8200.0,3790.0,5830.0,4620.0,250.0,D1D2,0.46219512195121953,1.2619047619047619,18.48
260.0,215.0,277.0,334.0,35.0,D2,0.8269230769230769,0.8293413173652695,9.542857142857143
75.0,15.0,26.0,14.0,7.0,D1,0.2,1.8571428571428572,2.0
530.0,345.0,250.0,266.0,85.0,D2,0.6509433962264151,0.9398496240601504,3.1294117647058823
60.0,5.0,21.0,21.0,2.0,NF,0.08333333333333333,1.0,10.5
90.0,28.0,32.0,31.0,8.0,D1D2,0.3111111111111111,1.032258064516129,3.875
220.0,77.0,240.0,170.0,22.0,D1D2,0.35,1.411764705882353,7.7272727272727275
5900.0,1500.0,2300.0,1200.0,68.0,D1D2,0.2542372881355932,1.9166666666666667,17.647058823529413
420.0,250.0,800.0,530.0,41.0,D2,0.5952380952380952,1.509433962264151,12.926829268292684
2800.0,2800.0,3600.0,3500.0,234.0,NF,1.0,1.0285714285714285,14.957264957264957
99.0,170.0,190.0,200.0,20.0,NF,1.7171717171717171,0.95,10.0
310.0,230.0,760.0,610.0,54.0,D2,0.7419354838709677,1.2459016393442623,11.296296296296296
800.0,160.0,600.0,260.0,23.0,D1D2,0.2,2.3076923076923075,11.304347826086957
1500.0,395.0,323.0,395.0,28.0,D2,0.2633333333333333,0.8177215189873418,14.107142857142858
20000.0,13000.0,57000.0,29000.0,1850.0,D2,0.65,1.9655172413793103,15.675675675675675
305.0,85.0,130.0,197.0,25.0,D2,0.2786885245901639,0.6598984771573604,7.88
1900.0,530.0,434.0,383.0,35.0,D1D2,0.2789473684210526,1.133159268929504,10.942857142857143
110.0,62.0,250.0,140.0,90.0,NF,0.5636363636363636,1.7857142857142858,1.5555555555555556
3700.0,1690.0,3270.0,2810.0,128.0,D1D2,0.45675675675675675,1.1637010676156583,21.953125
2770.0,660.0,763.0,712.0,54.0,D1D2,0.23826714801444043,1.071629213483146,13.185185185185185
245.0,120.0,167.0,131.0,18.0,D1D2,0.4897959183673469,1.2748091603053435,7.277777777777778
1170.0,255.0,325.0,312.0,18.0,D1D2,0.21794871794871795,1.0416666666666667,17.333333333333332
4419.0,3564.0,2025.0,2861.0,668.0,D2,0.8065173116089613,0.7077944774554351,4.282934131736527
810.0,280.0,490.0,570.0,111.0,D2,0.345679012345679,0.8596491228070176,5.135135135135135
5000.0,1200.0,1100.0,1000.0,83.0,D1D2,0.24,1.1,12.048192771084338
10000.0,6730.0,10400.0,7330.0,345.0,D2,0.673,1.4188267394270122,21.246376811594203
1570.0,735.0,1740.0,1330.0,87.0,D1D2,0.4681528662420382,1.3082706766917294,15.28735632183908
8800.0,64064.0,0.0,95650.0,72128.0,T2,7.28,0.0,1.3261146850044365
6709.0,10500.0,750.0,17700.0,1400.0,T3,1.5650618572067372,0.0423728813559322,12.642857142857142
1100.0,1600.0,26.0,2010.0,221.0,T3,1.4545454545454546,0.012935323383084577,9.095022624434389
290.0,966.0,57.0,1810.0,299.0,T3,3.331034482758621,0.03149171270718232,6.053511705685619
2500.0,10500.0,6.0,13500.0,4790.0,T2,4.2,0.00044444444444444447,2.8183716075156577
1860.0,4980.0,1600.0,10700.0,0.0,T1,2.6774193548387095,0.14953271028037382,0.0
860.0,1670.0,40.0,2050.0,30.0,T3,1.941860465116279,0.01951219512195122,68.33333333333333
150.0,22.0,11.0,60.0,9.0,NF,0.14666666666666667,0.18333333333333332,6.666666666666667
400.0,940.0,24.0,820.0,210.0,T2,2.35,0.02926829268292683,3.9047619047619047
6.0,2990.0,67.0,26076.0,29990.0,T1,498.3333333333333,0.0025694124865776958,0.8694898299433145
100.0,200.0,11.0,670.0,110.0,T3,2.0,0.016417910447761194,6.090909090909091
290.0,1260.0,8.0,820.0,231.0,T2,4.344827586206897,0.00975609756097561,3.54978354978355
1550.0,2740.0,184.0,5450.0,816.0,T3,1.767741935483871,0.033761467889908255,6.678921568627451
3910.0,4290.0,1230.0,6040.0,626.0,NF,1.0971867007672633,0.20364238410596028,9.648562300319488
12705.0,23498.0,5188.0,34257.0,6047.0,T3,1.8495080676898858,0.15144350059841785,5.665123201587564
1.0,8.0,6.0,100.0,8.0,T3,8.0,0.06,12.5
300.0,700.0,36.0,1700.0,280.0,T3,2.3333333333333335,0.021176470588235293,6.071428571428571
107.0,143.0,2.0,222.0,34.0,T3,1.3364485981308412,0.009009009009009009,6.529411764705882
1.0,27.0,1.0,4.0,49.0,T1,27.0,0.25,0.08163265306122448
24700.0,61000.0,1560.0,1290.0,15800.0,T1,2.4696356275303644,1.2093023255813953,0.08164556962025317
14.0,44.0,1.0,7.0,124.0,T1,3.142857142857143,0.14285714285714285,0.056451612903225805
480.0,1075.0,0.0,1132.0,298.0,T2,2.2395833333333335,0.0,3.7986577181208054
40000.0,400.0,6.0,600.0,700.0,T1,0.01,0.01,0.8571428571428571
3930.0,2397.0,157.0,0.0,0.0,T1,0.6099236641221374,0.0,0.0
37800.0,1740.0,249.0,8.0,8.0,NF,0.046031746031746035,31.125,1.0
8266.0,1061.0,22.0,0.0,0.0,T1,0.12835712557464313,0.0,0.0
9340.0,995.0,60.0,6.0,7.0,T1,0.10653104925053533,10.0,0.8571428571428571
36036.0,4704.0,554.0,5.0,10.0,T1,0.13053613053613053,110.8,0.5
33046.0,619.0,58.0,2.0,0.0,PDT1,0.018731465230285058,29.0,0.0
40280.0,1069.0,1060.0,1.0,1.0,NF,0.02653922542204568,1060.0,1.0
26788.0,18342.0,2111.0,27.0,0.0,T1,0.684709571449903,78.18518518518519,0.0
78.0,20.0,11.0,13.0,28.0,T1,0.2564102564102564,0.8461538461538461,0.4642857142857143
305.0,100.0,33.0,161.0,541.0,T1,0.32786885245901637,0.20496894409937888,0.2975970425138632
35.0,6.0,3.0,26.0,482.0,T1,0.17142857142857143,0.11538461538461539,0.05394190871369295
543.0,120.0,41.0,411.0,1880.0,T1,0.22099447513812154,0.09975669099756691,0.21861702127659574
1230.0,163.0,27.0,233.0,692.0,T1,0.13252032520325202,0.11587982832618025,0.33670520231213874
645.0,86.0,13.0,110.0,317.0,T1,0.13333333333333333,0.11818181818181818,0.3470031545741325
95.0,10.0,0.0,11.0,39.0,T1,0.10526315789473684,0.0,0.28205128205128205
6870.0,1028.0,79.0,900.0,5500.0,T1,0.14963609898107716,0.08777777777777777,0.16363636363636364
10092.0,5399.0,530.0,6500.0,37565.0,T1,0.534978200554895,0.08153846153846153,0.17303340875815254
650.0,81.0,170.0,51.0,270.0,T1,0.12461538461538461,3.3333333333333335,0.18888888888888888
210.0,22.0,6.0,6.0,7.0,T1,0.10476190476190476,1.0,0.8571428571428571
385.0,60.0,8.0,53.0,159.0,T1,0.15584415584415584,0.1509433962264151,0.3333333333333333
4230.0,690.0,5.0,196.0,1180.0,T1,0.16312056737588654,0.025510204081632654,0.16610169491525423
7600.0,1230.0,318.0,836.0,1560.0,T1,0.1618421052631579,0.3803827751196172,0.5358974358974359
595.0,80.0,9.0,89.0,244.0,T1,0.13445378151260504,0.10112359550561797,0.36475409836065575
120.0,25.0,1.0,8.0,40.0,T1,0.20833333333333334,0.125,0.2
8.0,0.0,0.0,43.0,101.0,T1,0.0,0.0,0.42574257425742573
6454.0,2313.0,121.0,2159.0,6432.0,T1,0.3583823985125504,0.05604446503010653,0.33566542288557216
2177.0,1049.0,207.0,440.0,705.0,T1,0.4818557648139642,0.47045454545454546,0.624113475177305
1790.0,580.0,321.0,336.0,619.0,T1,0.3240223463687151,0.9553571428571429,0.5428109854604201
1330.0,10.0,20.0,66.0,182.0,T1,0.007518796992481203,0.30303030303030304,0.3626373626373626
4.0,1.0,2.0,7.0,52.0,T1,0.25,0.2857142857142857,0.1346153846153846
1900.0,285.0,31.0,957.0,7730.0,T1,0.15,0.03239289446185998,0.12380336351875809
57.0,24.0,2.0,27.0,30.0,T1,0.42105263157894735,0.07407407407407407,0.9
1000.0,500.0,1.0,400.0,500.0,T1,0.5,0.0025,0.8
440.0,89.0,19.0,304.0,757.0,T1,0.20227272727272727,0.0625,0.40158520475561427
210.0,43.0,12.0,102.0,187.0,T1,0.20476190476190476,0.11764705882352941,0.5454545454545454
2850.0,1115.0,138.0,1987.0,3675.0,T1,0.3912280701754386,0.06945143432310015,0.5406802721088435
7020.0,1850.0,0.0,2960.0,4410.0,T1,0.26353276353276356,0.0,0.671201814058957
545.0,130.0,16.0,153.0,239.0,T1,0.23853211009174313,0.10457516339869281,0.6401673640167364
7150.0,1440.0,97.0,1210.0,1760.0,T1,0.2013986013986014,0.08016528925619834,0.6875
620.0,325.0,38.0,181.0,244.0,T1,0.5241935483870968,0.20994475138121546,0.7418032786885246
120.0,31.0,0.0,66.0,94.0,T1,0.25833333333333336,0.0,0.7021276595744681
755.0,229.0,32.0,404.0,460.0,T1,0.3033112582781457,0.07920792079207921,0.8782608695652174
5100.0,1430.0,0.0,1140.0,1010.0,NF,0.2803921568627451,0.0,1.1287128712871286
13500.0,6110.0,212.0,4510.0,4040.0,NF,0.4525925925925926,0.04700665188470066,1.1163366336633664
1570.0,1110.0,175.0,1780.0,1830.0,T1,0.7070063694267515,0.09831460674157304,0.9726775956284153
3090.0,5020.0,323.0,3800.0,2540.0,T2,1.6245954692556634,0.085,1.4960629921259843
1820.0,405.0,35.0,365.0,634.0,T1,0.22252747252747251,0.0958904109589041,0.5757097791798107
535.0,160.0,16.0,305.0,680.0,T1,0.29906542056074764,0.05245901639344262,0.4485294117647059
13.0,3.0,1.0,3.0,6.0,T1,0.23076923076923078,0.3333333333333333,0.5
137.0,67.0,7.0,53.0,104.0,T1,0.48905109489051096,0.1320754716981132,0.5096153846153846
1084.0,188.0,8.0,166.0,769.0,T1,0.17343173431734318,0.04819277108433735,0.21586475942782835
34.0,21.0,4.0,49.0,56.0,T1,0.6176470588235294,0.08163265306122448,0.875
7940.0,2000.0,355.0,3120.0,5390.0,T1,0.2518891687657431,0.11378205128205128,0.5788497217068646
150.0,130.0,9.0,55.0,30.0,NF,0.8666666666666667,0.16363636363636364,1.8333333333333333
8200.0,3790.0,250.0,4620.0,5830.0,T1,0.46219512195121953,0.05411255411255411,0.7924528301886793
260.0,215.0,35.0,334.0,277.0,NF,0.8269230769230769,0.10479041916167664,1.2057761732851986
75.0,15.0,7.0,14.0,26.0,T1,0.2,0.5,0.5384615384615384
530.0,345.0,85.0,266.0,250.0,NF,0.6509433962264151,0.31954887218045114,1.064
60.0,5.0,2.0,21.0,21.0,NF,0.08333333333333333,0.09523809523809523,1.0
90.0,28.0,8.0,31.0,32.0,T1,0.3111111111111111,0.25806451612903225,0.96875
220.0,77.0,22.0,170.0,240.0,T1,0.35,0.12941176470588237,0.7083333333333334
5900.0,1500.0,68.0,1200.0,2300.0,T1,0.2542372881355932,0.056666666666666664,0.5217391304347826
420.0,250.0,41.0,530.0,800.0,T1,0.5952380952380952,0.07735849056603773,0.6625
2800.0,2800.0,234.0,3500.0,3600.0,T1,1.0,0.06685714285714285,0.9722222222222222
99.0,170.0,20.0,200.0,190.0,NF,1.7171717171717171,0.1,1.0526315789473684
310.0,230.0,54.0,610.0,760.0,T1,0.7419354838709677,0.08852459016393442,0.8026315789473685
800.0,160.0,23.0,260.0,600.0,T1,0.2,0.08846153846153847,0.43333333333333335
1500.0,395.0,28.0,395.0,323.0,NF,0.2633333333333333,0.07088607594936709,1.2229102167182662
20000.0,13000.0,1850.0,29000.0,57000.0,T1,0.65,0.06379310344827586,0.5087719298245614
305.0,85.0,25.0,197.0,130.0,NF,0.2786885245901639,0.12690355329949238,1.5153846153846153
1900.0,530.0,35.0,383.0,434.0,T1,0.2789473684210526,0.09138381201044386,0.8824884792626728
110.0,62.0,90.0,140.0,250.0,T1,0.5636363636363636,0.6428571428571429,0.56
3700.0,1690.0,128.0,2810.0,3270.0,T1,0.45675675675675675,0.04555160142348755,0.8593272171253823
2770.0,660.0,54.0,712.0,763.0,T1,0.23826714801444043,0.07584269662921349,0.9331585845347313
245.0,120.0,18.0,131.0,167.0,T1,0.4897959183673469,0.13740458015267176,0.7844311377245509
1170.0,255.0,18.0,312.0,325.0,T1,0.21794871794871795,0.057692307692307696,0.96
4419.0,3564.0,668.0,2861.0,2025.0,NF,0.8065173116089613,0.23348479552603985,1.4128395061728396
810.0,280.0,111.0,570.0,490.0,NF,0.345679012345679,0.19473684210526315,1.163265306122449
5000.0,1200.0,83.0,1000.0,1100.0,T1,0.24,0.083,0.9090909090909091
10000.0,6730.0,345.0,7330.0,10400.0,T1,0.673,0.0470668485675307,0.7048076923076924
1570.0,735.0,87.0,1330.0,1740.0,T1,0.4681528662420382,0.06541353383458647,0.764367816091954
8800.0,64064.0,72128.0,95650.0,0.0,T1,7.28,0.7540825927861997,0.0
6709.0,10500.0,1400.0,17700.0,750.0,T3,1.5650618572067372,0.07909604519774012,23.6
1100.0,1600.0,221.0,2010.0,26.0,T3,1.4545454545454546,0.10995024875621891,77.3076923076923
290.0,966.0,299.0,1810.0,57.0,T3,3.331034482758621,0.16519337016574587,31.75438596491228
2500.0,10500.0,4790.0,13500.0,6.0,NF,4.2,0.3548148148148148,2250.0
1860.0,4980.0,0.0,10700.0,1600.0,T3,2.6774193548387095,0.0,6.6875
860.0,1670.0,30.0,2050.0,40.0,T3,1.941860465116279,0.014634146341463415,51.25
150.0,22.0,9.0,60.0,11.0,NF,0.14666666666666667,0.15,5.454545454545454
400.0,940.0,210.0,820.0,24.0,NF,2.35,0.25609756097560976,34.166666666666664
6.0,2990.0,29990.0,26076.0,67.0,NF,498.3333333333333,1.1500997085442553,389.1940298507463
100.0,200.0,110.0,670.0,11.0,T3,2.0,0.16417910447761194,60.90909090909091
290.0,1260.0,231.0,820.0,8.0,NF,4.344827586206897,0.2817073170731707,102.5
1550.0,2740.0,816.0,5450.0,184.0,T3,1.767741935483871,0.14972477064220183,29.619565217391305
3910.0,4290.0,626.0,6040.0,1230.0,T3,1.0971867007672633,0.10364238410596026,4.9105691056910565
12705.0,23498.0,6047.0,34257.0,5188.0,T3,1.8495080676898858,0.1765186677175468,6.603122590593678
1.0,8.0,8.0,100.0,6.0,T3,8.0,0.08,16.666666666666668
300.0,700.0,280.0,1700.0,36.0,T3,2.3333333333333335,0.16470588235294117,47.22222222222222
107.0,143.0,34.0,222.0,2.0,T3,1.3364485981308412,0.15315315315315314,111.0
54.54,71.93,9.72,97.37,6.58,T3,1.318848551521819,0.0998254082366232,14.797872340425533
116.17,180.83,52.48,278.18,5.36,T3,1.556598089007489,0.18865482780933207,51.89925373134328
5760.0,540.0,40.5,1000.0,2760.0,T1,0.09375,0.0405,0.36231884057971014
50.18,171.12,74.7,148.69,0.0,T1,3.4101235552012756,0.5023875176541799,0.0
20.0,80.2,24.6,68.6,0.0,T1,4.01,0.35860058309037907,0.0
28.97,10.94,1.64,6.96,4.36,NF,0.3776320331377287,0.23563218390804597,1.5963302752293578
15.9,55.98,22.33,137.25,0.21,T3,3.520754716981132,0.162695810564663,653.5714285714286
47.6,19.1,4.21,27.0,0.72,NF,0.4012605042016807,0.1559259259259259,37.5
40.0,102.6,32.3,183.3,0.2,T3,2.565,0.17621385706492088,916.5
50.35,65.58,21.05,99.13,0.96,NF,1.3024826216484606,0.2123474225764148,103.26041666666667
2.369,119.69,21.891,20.15,0.0,T1,50.52342760658505,1.0864019851116624,0.0
120.45,210.91,35.7,285.39,15.86,T3,1.7510170195101702,0.12509197939661518,17.994325346784365
87.17,17.26,3.94,12.87,32.81,T1,0.19800390042445798,0.30613830613830617,0.39225845778725993
5.48,48.82,96.81,489.57,0.3,T3,8.90875912408759,0.19774495986273669,1631.9
605.0,1586.0,655.0,1901.0,2.3,NF,2.621487603305785,0.3445554971067859,826.5217391304349
1.96,2.1,0.5,0.67,1.59,T1,1.0714285714285714,0.7462686567164178,0.42138364779874216
462.0,212.4,31.6,0.0,0.0,T1,0.4597402597402597,0.0,0.0
25.4,54.97,8.72,77.84,10.47,T3,2.1641732283464568,0.11202466598150052,7.434574976122254
131.7,116.55,19.4,183.97,0.32,NF,0.8849658314350798,0.10545197586563027,574.90625
7911.85,947.43,96.93,907.19,4844.48,T1,0.11974822576262188,0.10684641585555396,0.1872626164211639
21.0,2.01,0.46,1.48,5.61,T1,0.09571428571428571,0.3108108108108108,0.2638146167557932
676.74,969.55,570.57,2483.26,17.48,NF,1.4326772468008393,0.22976651659512093,142.0629290617849
7238.97,695.16,231.6,2394.3,2308.92,NF,0.09603023634577847,0.09672973311615085,1.0369783275297542
101.5,24.45,8.97,128.37,0.0,T1,0.24088669950738917,0.06987613928487965,0.0
73.8,148.0,38.9,181.0,1.76,NF,2.0054200542005423,0.2149171270718232,102.8409090909091
34.76,5.52,2.09,4.97,10.36,T1,0.15880322209436132,0.42052313883299797,0.4797297297297297
18.19,21.99,6.58,46.92,3.97,T3,1.2089059923034633,0.1402387041773231,11.818639798488665
1.6,1.0,0.1,0.9,1.6,T1,0.625,0.11111111111111112,0.5625
22400.0,22400.0,2690.0,13440.0,1570.0,NF,1.0,0.20014880952380953,8.560509554140127
670.0,224.0,45.0,67.0,2.0,D2,0.33432835820895523,0.6716417910447762,33.5
224.0,4.5,2.0,0.0,0.0,PDT1,0.020089285714285716,0.0,0.0
900.0,9180.0,0.0,900.0,22.0,T3,10.2,0.0,40.90909090909091
0.0,224.0,0.0,45.0,0.0,PDT1,0.0,0.0,0.0
470.0,4637.0,1300.0,448.0,0.0,T1,9.86595744680851,2.9017857142857144,0.0
65.0,20.0,10.0,5.0,0.0,T1,0.3076923076923077,2.0,0.0
53.0,39.0,3.0,4.5,0.0,T1,0.7358490566037735,0.6666666666666666,0.0
219.0,44.0,3.0,3.0,0.0,T1,0.2009132420091324,1.0,0.0
37.0,47.0,10.0,5.5,0.0,T1,1.2702702702702702,1.8181818181818181,0.0
34.0,30.0,34.0,2.5,0.0,T1,0.8823529411764706,13.6,0.0
14.0,62.0,16.0,3.0,0.0,T1,4.428571428571429,5.333333333333333,0.0
65.0,34.0,16.0,112.0,0.0,T1,0.5230769230769231,0.14285714285714285,0.0
0.7,1.5,0.3,1.8,0.0,T1,2.142857142857143,0.16666666666666666,0.0
0.0,0.2,0.1,0.13,0.0,PDT1,0.0,0.7692307692307693,0.0
48.0,40.0,11.0,0.5,0.0,T1,0.8333333333333334,22.0,0.0
130.0,140.0,24.0,120.0,0.0,T1,1.0769230769230769,0.2,0.0
86.0,8.0,2.5,2.5,0.0,PDT1,0.09302325581395349,1.0,0.0
6.0,3.0,0.8,0.7,0.0,T1,0.5,1.142857142857143,0.0
50.0,3.0,1.0,0.0,0.0,PDT1,0.06,0.0,0.0
55.0,22.0,0.5,2.6,0.0,T1,0.4,0.1923076923076923,0.0
78.0,66.0,62.0,2.6,0.0,T1,0.8461538461538461,23.846153846153847,0.0
1600.0,3600.0,670.0,14.0,0.0,T1,2.25,47.857142857142854,0.0
6600.0,1000.0,38.0,2.0,19.0,T1,0.15151515151515152,19.0,0.10526315789473684
88.0,9.0,0.0,0.03,0.0,T1,0.10227272727272728,0.0,0.0
2240.0,168.0,25.0,0.0,0.0,PDT1,0.075,0.0,0.0
1950.0,123.0,38.0,2.0,2.0,NF,0.06307692307692307,19.0,1.0
2240.0,157.0,90.0,45.0,45.0,NF,0.07008928571428572,2.0,1.0
73.0,8.0,4.0,2.0,12.0,T1,0.1095890410958904,2.0,0.16666666666666666
5000.0,4000.0,2000.0,2000.0,8000.0,T1,0.8,1.0,0.25
24.3,15.7,6.4,11.2,29.8,T1,0.6460905349794238,0.5714285714285715,0.3758389261744966
2240.0,360.0,25.0,169.0,828.0,T1,0.16071428571428573,0.14792899408284024,0.2041062801932367
4480.0,560.0,380.0,403.0,896.0,T1,0.125,0.9429280397022333,0.4497767857142857
2240.0,560.0,380.0,450.0,940.0,T1,0.25,0.8444444444444444,0.4787234042553192
200.0,230.0,2.0,170.0,480.0,T1,1.15,0.011764705882352941,0.3541666666666667
60.0,5.0,1.0,6.0,29.0,T1,0.08333333333333333,0.16666666666666666,0.20689655172413793
890.0,110.0,3.0,84.0,700.0,T1,0.12359550561797752,0.03571428571428571,0.12
41.0,112.0,0.0,254.0,4536.0,T1,2.731707317073171,0.0,0.05599647266313933
16000.0,4000.0,500.0,8500.0,16000.0,T1,0.25,0.058823529411764705,0.53125
21.0,75.0,24.0,126.0,0.0,T1,3.5714285714285716,0.19047619047619047,0.0
111.0,559.0,243.0,707.0,0.0,T1,5.036036036036036,0.3437057991513437,0.0
23.0,59.9,18.6,56.9,0.1,NF,2.6043478260869564,0.32688927943760987,569.0
740.0,2227.0,567.0,4258.0,42.0,T3,3.0094594594594595,0.13316110850164398,101.38095238095238
388.0,860.0,230.0,1833.0,18.3,T3,2.216494845360825,0.1254773595199127,100.1639344262295
84.0,126.0,28.9,132.2,0.37,NF,1.5,0.21860816944024206,357.2972972972973
362.0,533.0,91.0,553.0,10.0,T3,1.4723756906077348,0.16455696202531644,55.3
103.0,221.7,47.2,422.0,0.9,T3,2.152427184466019,0.11184834123222749,468.88888888888886
1769.7,554.2,145.2,1066.7,885.7,NF,0.31316042267050914,0.1361207462266804,1.2043581348086259
38.0,3.7,0.0,4.1,19.4,T1,0.09736842105263159,0.0,0.211340206185567
700.0,137.4,14.9,194.8,936.6,T1,0.19628571428571429,0.07648870636550308,0.20798633354687168
253.0,21.5,5.9,16.1,72.4,T1,0.08498023715415019,0.3664596273291925,0.22237569060773482
131.0,32.0,7.3,18.8,38.7,T1,0.24427480916030533,0.3882978723404255,0.4857881136950904
116.0,20.0,7.0,27.0,54.0,T1,0.1724137931034483,0.25925925925925924,0.5
70.0,3.8,0.6,3.2,31.1,PDT1,0.054285714285714284,0.18749999999999997,0.10289389067524116
34.0,18.9,3.7,9.4,5.6,NF,0.5558823529411764,0.39361702127659576,1.6785714285714288
390.0,62.6,12.8,65.3,133.6,T1,0.1605128205128205,0.19601837672281777,0.48877245508982037
1.0,27.0,49.0,4.0,1.0,NF,27.0,12.25,4.0
24700.0,61000.0,26300.0,42100.0,1560.0,NF,2.4696356275303644,0.6247030878859857,26.987179487179485
14.0,44.0,124.0,7.0,1.0,NF,3.142857142857143,17.714285714285715,7.0
480.0,1075.0,298.0,1132.0,0.0,T1,2.2395833333333335,0.26325088339222613,0.0
40000.0,400.0,70.0,600.0,6.0,NF,0.01,0.11666666666666667,100.0
1309.0,124.0,113.0,6.0,0.0,PDT1,0.09472880061115355,18.833333333333332,0.0
2587.0,7.88,4.7,1.4,0.0,PDT1,0.0030459992269037495,3.3571428571428577,0.0
85.87,7.01,4.49,2.64,0.0,PDT1,0.08163502969605216,1.7007575757575757,0.0
102.0,108.0,70.0,41.0,0.0,T1,1.0588235294117647,1.7073170731707317,0.0
625.0,49.0,9.0,7.0,0.6,NF,0.0784,1.2857142857142858,11.666666666666668
195.9,14.5,11.6,2.4,0.0,PDT1,0.07401735579377233,4.833333333333333,0.0
420.0,37.3,14.9,30.0,0.2,NF,0.0888095238095238,0.4966666666666667,150.0
485.0,35.0,29.0,6.0,0.0,PDT1,0.07216494845360824,4.833333333333333,0.0
83.26,45.32,18.1,36.45,0.26,NF,0.5443190007206341,0.49657064471879286,140.1923076923077
78.0,20.0,28.0,11.0,13.0,T1,0.2564102564102564,2.5454545454545454,0.8461538461538461
305.0,100.0,161.0,541.0,33.0,NF,0.32786885245901637,0.2975970425138632,16.393939393939394
543.0,120.0,1880.0,41.0,411.0,T1,0.22099447513812154,45.853658536585364,0.09975669099756691
1230.0,163.0,27.0,692.0,233.0,NF,0.13252032520325202,0.03901734104046243,2.9699570815450644
645.0,86.0,110.0,317.0,13.0,NF,0.13333333333333333,0.3470031545741325,24.384615384615383
4.1,3.5,0.68,1.2,5.2,T1,0.853658536585366,0.5666666666666668,0.23076923076923075
9.0,3.9,8.0,4.0,13.0,T1,0.43333333333333335,2.0,0.3076923076923077
14.2,4.0,1.4,1.5,9.51,T1,0.28169014084507044,0.9333333333333332,0.15772870662460567
30.1,17.1,0.2,5.5,30.1,T1,0.5681063122923589,0.03636363636363637,0.18272425249169436
45.0,11.0,2.7,12.74,28.5,T1,0.24444444444444444,0.2119309262166405,0.44701754385964915
65.2,20.0,3.9,8.13,25.1,T1,0.3067484662576687,0.4797047970479704,0.32390438247011955
67.8,8.89,1.88,12.67,36.2,T1,0.13112094395280238,0.1483820047355959,0.35
101.72,27.65,7.13,16.92,53.87,T1,0.27182461659457335,0.4213947990543735,0.3140894746612215
549.0,121.3,25.5,31.9,198.5,T1,0.2209471766848816,0.7993730407523512,0.16070528967254408
56.0,10.0,1.3,13.5,7.6,NF,0.17857142857142858,0.0962962962962963,1.7763157894736843
57.0,15.0,3.1,23.0,25.3,T1,0.2631578947368421,0.13478260869565217,0.9090909090909091
65.0,26.1,10.1,41.6,57.8,T1,0.40153846153846157,0.2427884615384615,0.7197231833910035
75.5,30.2,2.33,30.3,18.2,NF,0.39999999999999997,0.0768976897689769,1.664835164835165
145.88,40.65,9.37,34.02,59.71,T1,0.27865368796270906,0.2754262198706643,0.5697538100820634
195.7,58.0,16.4,91.6,96.9,T1,0.2963719979560552,0.17903930131004367,0.9453044375644993
1027.0,185.0,17.0,271.0,399.0,T1,0.1801363193768257,0.06273062730627306,0.6791979949874687
475.3,195.8,32.6,187.3,221.2,T1,0.41195034714916895,0.17405232247730912,0.8467450271247741
531.0,111.9,22.7,122.5,169.0,T1,0.21073446327683618,0.1853061224489796,0.7248520710059172
810.0,580.0,490.0,570.0,111.0,D2,0.7160493827160493,0.8596491228070176,5.135135135135135
2031.0,149.0,0.0,3.0,20.0,PDT1,0.07336287543082226,0.0,0.15
48.0,610.0,0.0,10.0,29.0,T1,12.708333333333334,0.0,0.3448275862068966
12.0,18.0,0.0,4.0,4.0,NF,1.5,0.0,1.0
66.0,60.0,0.0,7.0,2.0,NF,0.9090909090909091,0.0,3.5
1450.0,940.0,61.0,322.0,211.0,NF,0.6482758620689655,0.18944099378881987,1.5260663507109005
0.0,18900.0,330.0,540.0,410.0,NF,0.0,0.6111111111111112,1.3170731707317074
360.0,610.0,9.0,260.0,259.0,T2,1.6944444444444444,0.03461538461538462,1.0038610038610039
1270.0,3450.0,8.0,1390.0,520.0,T2,2.716535433070866,0.0057553956834532375,2.673076923076923
33.0,29.0,9.0,12.0,0.0,T1,0.8787878787878788,0.75,0.0
46.0,98.0,26.3,41.3,0.0,T1,2.130434782608696,0.6368038740920098,0.0
60.0,60.0,16.0,40.0,0.3,NF,1.0,0.4,133.33333333333334
87.2,73.18,27.14,56.88,0.0,T1,0.8392201834862386,0.4771448663853727,0.0
97.0,110.0,34.0,85.0,0.0,T1,1.134020618556701,0.4,0.0
110.4,112.0,32.5,80.8,0.0,T1,1.0144927536231882,0.40222772277227725,0.0
29.9,24.1,343.0,92.5,0.6,NF,0.8060200668896322,3.708108108108108,154.16666666666669
120.0,120.0,33.0,84.0,0.55,NF,1.0,0.39285714285714285,152.72727272727272
143.2,123.0,38.0,75.0,0.0,T1,0.8589385474860336,0.5066666666666667,0.0
181.0,162.0,70.0,132.0,0.0,T1,0.8950276243093923,0.5303030303030303,0.0
3420.0,7870.0,33.0,6990.0,1500.0,T3,2.301169590643275,0.004721030042918455,4.66
3675.0,6392.0,5.0,7691.0,2500.0,T2,1.7393197278911565,0.000650110518788194,3.0764
960.0,4000.0,6.0,1560.0,1290.0,T2,4.166666666666667,0.0038461538461538464,1.2093023255813953
24700.0,61000.0,1560.0,4200.0,26300.0,T1,2.4696356275303644,0.37142857142857144,0.1596958174904943
40000.0,400.0,6.0,600.0,70.0,NF,0.01,0.01,8.571428571428571
20.0,41.9,20.2,44.2,0.38,NF,2.0949999999999998,0.4570135746606334,116.31578947368422
20.37,59.79,45.24,80.49,0.0,T1,2.9351988217967597,0.5620573984345882,0.0
23.51,61.33,45.21,98.03,1.01,NF,2.608677158655891,0.4611853514230338,97.05940594059406
46.9,161.6,94.1,193.6,56.0,NF,3.4456289978678036,0.48605371900826444,3.457142857142857
47.0,120.0,90.0,198.0,3.0,NF,2.5531914893617023,0.45454545454545453,66.0
72.0,442.0,221.0,461.0,0.7,NF,6.138888888888889,0.4793926247288503,658.5714285714287
110.6,458.8,242.6,406.4,0.0,T1,4.1482820976491865,0.5969488188976378,0.0
128.0,419.0,269.5,614.1,0.35,NF,3.2734375,0.43885360690441294,1754.5714285714287
24.0,34.6,14.2,21.7,0.0,T1,1.4416666666666667,0.6543778801843317,0.0
613.0,3240.0,1432.0,2788.0,0.0,T1,5.285481239804241,0.5136298421807748,0.0
860.0,1670.0,20.0,2050.0,30.0,T3,1.941860465116279,0.00975609756097561,68.33333333333333
1550.0,2740.0,184.0,5150.0,816.0,T3,1.767741935483871,0.03572815533980583,6.311274509803922
35.1,50.6,16.1,93.0,1.1,T3,1.4415954415954415,0.17311827956989248,84.54545454545453
68.0,99.2,35.9,202.9,0.0,T1,1.4588235294117649,0.17693445046821094,0.0
156.0,240.0,54.0,399.0,0.98,T3,1.5384615384615385,0.13533834586466165,407.14285714285717
63.0,149.6,51.5,276.0,0.0,T1,2.3746031746031746,0.18659420289855072,0.0
30.0,25.5,31.5,93.0,1.8,NF,0.85,0.3387096774193548,51.666666666666664
165.62,240.95,61.32,514.53,13.53,T3,1.4548363724187898,0.11917672438924845,38.028824833702885
164.0,244.0,103.0,497.0,8.3,NF,1.4878048780487805,0.20724346076458752,59.87951807228915
135.65,278.53,58.86,492.0,2.95,T3,2.053298931072613,0.11963414634146341,166.77966101694915
135.88,362.42,125.22,826.65,3.74,T3,2.6672063585516637,0.1514788604608964,221.02941176470586
236.0,410.2,159.0,817.3,3.5,T3,1.7381355932203388,0.19454300746359968,233.5142857142857
